node_id	centrality
1335	0.1342516202
2497	0.08888215068
2734	0.1517014694
5778	0.110912676
6944	0.1050501493
7748	0.1214958155
10200	0.1068591835
10333	0.09469305801
10408	0.1389382305
10664	0.0713889603
11071	0.07790929648
11097	0.07746574891
13214	0.1259886387
14928	0.09633664244
16803	0.1143775542
16823	0.1103977764
16988	0.1102013175
17488	0.1379637409
17973	0.1392849779
19234	0.1361209932
19736	0.1379004909
21040	0.1277397637
21680	0.1353044073
22861	0.1199778316
22864	0.1068817181
23429	0.1273952138
23549	0.1209696218
26400	0.1110728494
26443	0.1196016375
26935	0.1402774795
29573	0.1360943623
30074	0.1387882954
33140	0.0948999484
33915	0.1062986863
35845	0.112615228
36658	0.1184004456
36702	0.1279203299
37445	0.09702891517
37628	0.1207270207
38749	0.1238386188
39235	0.1304212707
39629	0.1033754691
39735	0.120584364
41327	0.1193334711
42846	0.1191309956
42951	0.104171882
43063	0.1306694888
43742	0.0751667617
43941	9.828058156e-06
44110	0.1350681351
47325	0.09711323303
47757	0.129639621
47992	0.1338518728
48734	0.1146630381
49787	0.07287291505
51778	0.1152840177
53265	0.1321592435
53334	0.1231427208
53840	0.1198038471
54234	0.1183891661
54910	0.1262893563
55840	0.1271535826
56385	0.1298301413
56457	0.1020893871
57835	0.01142804865
57849	0.1025842855
58142	0.1302874882
58943	0.1248213849
59591	0.126061384
60264	0.1371942496
62604	0.1104249932
63350	0.1189080201
67396	0.1293537627
67449	0.1351400292
67970	0.1356093082
69067	0.1189716138
69277	0.1179645183
69476	0.1014188259
70710	0.125659433
75156	0.04756205184
77176	0.129640935
78591	0.1310699513
79573	0.1290149206
80744	0.09530077496
81218	0.1178639424
81373	0.1265105779
81955	0.1171374883
82011	0.09635008669
82894	0.09546122455
83790	0.1098849388
84530	0.1290684923
86250	0.05560581566
87868	0.1276251432
88536	0.1271041481
89334	0.01877289485
90378	0.1273349462
91471	0.0146586514
92101	0.08059351463
93050	0.1089209345
93504	0.1319531278
93910	0.09262118145
94631	0.1366781512
95103	0.08713774248
97431	0.1145682397
97742	0.1141284047
98023	0.04392643911
99296	0.07816334342
99676	0.110194418
100050	0.1211911783
101570	0.130516515
102330	0.1332692938
104383	0.09812495581
104457	0.08519987341
106057	0.117882122
106343	0.1329934148
106677	0.1273835314
107173	0.1021643765
107244	0.1085418134
108106	0.07877352541
109919	0.03008170591
111139	0.1186512452
112799	0.01788478859
112989	1.15871428e-06
114122	0.1136370918
114663	0.09040821593
114824	0.1034714821
115593	0.1302957652
115912	0.1211215819
116650	0.08804967607
116860	0.1210026368
117900	0.1264983784
119060	0.119160672
120225	0.02541252521
121288	0.1351384999
121369	0.1185432662
121557	0.1091270222
122647	0.1397339202
122887	0.0921721617
123381	0.01578948955
123558	0.02484545289
124113	0.01513452601
124154	0.1147131376
124646	0.1278538818
124685	0.05926910821
126075	0.1235811279
126147	0.1347966801
126867	0.1285062795
127292	0.1289268169
127646	0.08567029869
127718	0.1020389497
128126	0.09240290652
128170	0.1314588836
128930	0.1338320144
129966	0.09473875233
131114	0.1267483238
131675	0.1235698637
131733	0.1200718119
132380	0.1293496856
133529	0.1084764388
134180	0.1368952093
135085	0.1024844209
137511	0.0304658248
138039	0.1076262668
138521	0.06448357425
138844	0.1180533384
139566	0.1103269741
142385	0.07708352208
143521	0.0933356567
145597	0.1010455992
146508	0.1088961422
146905	0.03919767483
147129	0.1344419824
147325	0.1253678329
147754	0.1007191166
148175	0.1378990608
148672	0.126538711
149626	0.1230621974
150551	0.1234394358
150736	0.103877379
150791	0.001006304353
151723	0.1219370562
151923	0.10499806
152168	0.05429516641
153423	0.1005339174
154044	0.1187424959
155110	0.0937561157
155132	0.1218814762
155885	0.1072983629
156631	0.1259753433
157989	0.1074275691
158211	0.1169174499
159093	0.1289761867
159683	0.1166208508
160850	0.1103972932
160918	0.1034737127
162821	0.03038587434
163715	0.1091216441
164685	0.118721875
168053	0.1017254636
168816	0.1318599941
168830	0.131068428
169003	0.1370939664
172276	0.1330097061
172733	0.1149833195
173005	0.1175582271
173074	0.01564505689
173231	0.1248057779
173317	0.1113889666
173602	0.07400020287
174388	0.1048925361
175052	0.03368399872
175917	0.05914965509
178534	0.100723408
178588	0.09818901399
182204	0.09686927479
183644	0.1272922443
185388	0.09044302096
186287	0.1173860854
187520	0.123578338
187684	0.1214152464
188127	0.1023297301
188316	0.1289377285
188843	0.08509677336
188856	0.08370619708
189545	0.09061995945
189694	0.1312362519
191453	0.1369574719
191925	0.1092959032
194839	0.09392347263
195215	0.1154112999
195486	0.1325262251
196923	0.1144083863
197217	0.1109851123
197600	0.04681454078
197648	0.06497080567
197816	0.0912208789
201374	0.09880576164
201987	0.06730779621
203078	0.04179508966
205258	0.09262132811
205553	0.1113546612
206971	0.01924188172
207008	0.1365208975
208097	0.1347880734
208181	0.1338102959
209899	0.1117038437
211681	0.04941068989
211775	6.574200547e-06
212529	0.01827030119
212648	0.02786046279
213105	0.1228091659
213141	0.1327473747
215530	0.07955116648
215884	0.1207627353
216128	0.1037747874
216667	0.1122304949
218640	0.1347235924
219079	0.1232136341
219729	0.1116557972
220874	0.1077392189
221836	0.02881098495
223032	0.08520931909
223287	0.1045212969
225215	0.1195936963
225221	0.1275444681
226063	0.1094518528
228673	0.001670705396
228933	0.1162998607
229027	0.1051686671
229116	0.09806931076
230325	0.1083525014
230547	0.1361356265
230824	0.08573451746
230990	0.01751158802
231102	0.05670502079
233304	0.092801638
233378	0.1022330875
233529	0.07769792996
235482	7.465919547e-08
241235	0.06889516508
241565	0.0120095944
242009	0.0155532592
243377	0.1008977827
249443	0.1275542522
249587	0.09775937979
251517	0.1300761346
251584	0.1032646098
251672	0.1202961051
252186	0.1159636254
253025	0.09116291538
254275	0.0456463077
254314	0.05800036637
254938	0.130513903
255111	0.1360146733
255853	0.09027430446
257086	0.126489536
258759	0.128741652
259742	0.1128303442
261405	0.1157787823
261833	0.1139210323
264001	0.07832710506
264293	0.127843045
265144	0.1295354099
265585	0.09150464651
266948	0.1041327033
267062	0.1224767058
267672	0.119900304
267808	0.09352042192
268105	0.1199149597
268221	0.1170461742
269059	0.07549704518
270206	0.09999763195
270560	0.06428339847
271465	0.1071663563
271502	0.04045230621
271887	0.117642395
274176	1.195694504e-05
275880	0.1129580702
276111	0.08558485563
276268	0.0582671189
276677	0.1131671248
277636	0.1025994067
279745	0.005875984697
279770	0.09569943723
279979	0.1182561233
282092	0.06873148282
282220	0.1011580947
282283	0.06999877537
285101	0.1270733665
288187	0.1022747223
288475	0.0001211588767
289796	0.1298212542
290401	0.1166897784
293057	0.008912743024
293529	0.1263118721
294348	0.1018454364
295572	0.1322293239
297198	0.06073771868
297221	0.1185413271
297830	0.1223542428
298108	0.1251905478
298260	0.008421116987
298944	0.1059326361
299374	0.1154784136
302693	0.08866710032
303640	0.07938319067
304315	0.1328911938
306153	0.09802050118
306624	0.1011183141
306853	0.1059795813
308443	0.1130572172
309696	0.1122891114
309942	0.01848220062
311309	0.01766455061
311766	0.1030931881
312068	0.1171010073
312412	0.08789961966
313558	0.005541666817
314407	0.129501329
320440	0.112216988
324915	0.115124115
325071	0.099117347
326413	0.1012456944
326695	0.1131677469
327686	0.1200813086
327766	0.02462418633
329495	0.1241185173
329944	0.09000507255
330750	0.1021263667
330809	0.09634880099
332080	0.112884683
332873	0.02433660633
333953	0.09187131341
334008	0.1197897168
334847	0.04357723397
335221	0.1266693327
335484	0.1277315664
336226	0.04838691924
336833	0.1208441013
337814	0.09617956046
338102	0.1226620118
338878	0.1269677647
341437	0.07167678262
341833	0.1329262356
345145	0.118126897
345304	0.1300977709
345778	0.09939869544
346654	0.1175078847
347957	0.1150422593
348695	0.1004913087
349303	0.1095743073
350134	0.1164695288
351100	0.06327036853
351666	0.137135945
353383	0.1079535928
354847	0.1199805193
355622	0.07604717478
357111	0.1157783943
359561	0.1176307486
359611	0.1138228625
361544	0.09972146205
362447	0.08168434378
362603	0.1040557971
363333	0.133935787
364871	0.1231002112
364916	0.1319445252
365685	0.1291799394
369313	0.1321846562
369365	0.007909324884
370129	0.1188742833
370757	0.1198749557
372918	0.07030918172
373240	0.1195802056
373927	0.1043469254
374522	0.07453932713
375934	0.1086730651
376128	0.07974307453
376535	0.1027035094
377896	0.1081216789
379836	2.962161076e-06
380353	0.02700796201
383285	0.09644034496
384220	0.1080967073
384637	0.03189452149
385734	0.008582095026
385990	0.105596935
388165	0.1360573243
388868	0.03163334104
390414	0.1323406208
391006	0.03401001071
391526	0.08307541667
392508	0.1178540543
392921	0.128685289
393031	0.05849737573
393215	0.08155798552
394464	0.1121178716
394602	0.1037135398
395004	0.03266256026
395032	0.09774786359
395118	0.1043936825
395461	0.1265379804
395573	0.05542112397
397299	0.1316703317
397659	0.1024045087
397772	0.08608974096
398122	0.1368398049
399118	0.1320441479
399593	0.1016165169
400847	0.04174198184
401166	0.1002101714
401259	0.05682579728
402021	0.03370280045
402047	0.01110035661
402539	0.09582120074
404605	0.07590456528
405500	0.0461665535
406988	0.1203213225
410041	0.006584877464
410625	0.1024246815
411207	0.02820529057
411403	0.0454729905
411833	0.07580118736
411884	0.07878107109
412748	0.1141366832
413050	0.09987667555
413685	0.1244048378
415654	0.0008896114626
416054	0.0076532876
416113	0.0338990769
416674	0.1045258301
417274	0.1161559504
417596	0.02361090951
418017	0.02410185531
418046	0.09918231718
419240	0.07388887455
419812	0.1223264306
420321	0.1004372758
420451	0.1027984484
420708	0.1358857674
420771	0.1036540401
421431	0.1062341489
423633	0.02885829372
424169	0.1137512244
424675	0.06389957116
424717	0.0623508735
425075	0.1354113956
426352	0.0808981791
426429	0.1201538558
427773	0.1036714078
428251	0.1394137581
430801	0.05210732019
430858	0.0361505797
431410	0.1294719131
432267	0.1104072018
432851	0.09042799274
433202	0.09110833643
433466	0.1279594942
434179	0.1111748727
434975	0.1116255188
437274	0.03704758796
437475	0.0962364852
437530	0.1273401077
437892	0.133319942
440218	0.04092355787
441208	0.01624255877
441320	0.06036013976
441895	0.1132872016
443183	0.1353985514
444655	0.1128487839
445288	0.1378017578
446579	0.09171976871
446630	0.09924846309
446789	0.1292374419
446967	0.1130599973
447650	0.1199662839
448034	0.1247635097
448196	0.01546888475
448390	0.136748478
450691	0.1146751721
450714	3.360841431e-06
450773	0.03294927787
451100	0.0850769351
451200	0.01088885674
451862	0.1342961407
452284	0.1162663588
452417	0.1035735436
453967	0.05740154355
454271	0.1347526225
454682	0.09338161673
456612	0.1246009813
456636	7.02622073e-05
456725	0.1329961257
457520	0.08767532866
457800	0.1205988117
458177	0.01259394156
458501	0.1023290902
458661	0.101751502
461828	0.1044904072
462183	0.01313997543
462288	0.01953835004
462383	0.06416208651
462515	0.1307554854
463584	0.1012290546
464570	0.006482528548
464611	0.1008369006
464722	0.1222149094
465498	0.1088876847
466141	0.07768173562
466805	0.09906592426
467458	0.100900472
467486	0.1050709272
469193	0.06781040681
470692	0.03255956536
472064	0.09705960928
472316	0.09627703918
472363	0.1241557517
473030	0.08636691453
479841	0.1077891799
480762	0.06043231088
482173	0.048954371
482841	0.08148834484
484170	0.0983934524
484331	0.1360095855
484632	0.1039849177
484960	0.07832939001
485136	0.09020673816
485331	0.09228170136
486322	0.132018555
487427	0.1117179609
487637	0.1137699149
488299	0.00654186375
489169	0.1279260962
489854	0.09627815921
492371	0.03112989232
494064	0.08214175336
495559	0.1141664751
495657	0.1200139835
495772	0.08898647661
497693	0.07290326845
499134	0.08574071003
503019	0.1145055233
503652	0.1123163614
503716	0.03183499102
503946	0.08510129484
504564	8.191620076e-07
505387	0.02671603766
505432	0.1339799872
505962	0.08541837364
506011	0.1192047486
508319	0.004079546362
508524	0.07302541008
509249	0.08490559543
510021	0.1032467206
510347	0.112729543
510468	0.09508136073
510683	0.1072224284
510986	0.1105876695
512314	0.1370622138
516123	0.08922488624
516852	0.09697254969
517442	0.1116612989
518471	0.003351461322
518503	0.1353785582
518695	0.05833346756
521650	0.08853168537
522933	0.04457249301
523822	0.09671183971
527899	0.05799908928
528024	0.1040520282
528604	0.1223091772
530428	0.06721885655
530457	0.07758532421
532437	0.09667012749
532687	0.0109968461
533650	0.07202213744
534505	0.1131053847
534535	0.1177846023
535405	0.127220647
538027	0.1308759919
538136	0.1395352812
538334	0.1381744797
538500	0.1282040058
539384	0.1279816471
541198	0.1057406025
542513	0.07793779701
545053	0.112497051
545513	0.009977654489
546265	0.07563964252
549171	0.1155417796
550104	0.08721515155
550426	0.04914043999
551675	0.1116748532
552652	0.1190006957
553170	0.1227662093
553397	0.06197494769
554635	0.09503004144
555491	0.1215584082
557244	0.08688146986
557342	0.01696389443
557620	0.125159414
557901	0.1003029906
559011	0.09586194624
559805	0.09235028345
559931	0.09845637592
560000	0.1041622018
561603	0.1186755428
562568	0.119290282
564301	0.1346133326
564560	0.05198353723
564982	0.09241180606
567002	0.09150547831
567292	0.1049338614
567312	0.103051754
569178	0.08319999843
569504	0.1361243353
570029	0.01803695163
570730	0.09747368368
571183	0.04649575307
571752	0.1245540113
571802	0.07546147908
572188	0.07928548506
572670	0.1335325354
575048	0.07918290939
575065	0.1011163148
576505	0.1071672706
577432	0.1041408385
578918	0.0907883623
579611	0.1233253106
581664	0.1129305418
583335	0.01898367484
583955	0.1073748097
585250	0.03599454519
586001	0.05312837179
586050	0.06884775493
586330	0.08952554753
587587	0.07728068427
590820	0.06698460664
592086	0.0944337031
593487	0.088088294
593798	0.1198385303
593804	0.1333035114
593990	0.1267923573
594585	0.1392521502
595406	0.1077971682
596673	0.112166533
597185	0.1106097636
598274	0.09934067508
599436	0.1198274621
600545	0.1340172898
601136	0.005469569973
604956	0.07164966592
604960	0.04411878247
605428	0.05451632291
605705	0.0492486239
607598	0.1191325753
608282	0.1295031809
608365	0.1042562955
608376	0.1132207233
608769	0.07332940527
609041	3.230682155e-06
610083	0.07900617639
610505	0.09988372156
612763	0.1014298951
612835	0.0375390165
612880	0.1016225395
612948	0.1377159034
613484	0.1328831129
614470	0.02626652326
614695	0.07784005865
614783	0.1282702083
615150	0.1262659933
615560	0.07868152091
616055	0.1001494105
617473	0.1104895941
617534	0.007592175568
619113	0.01611126771
619781	0.1182436523
621736	0.116303706
622049	0.005546783693
622780	0.1080379394
624656	0.01661949238
625145	0.1205083527
628975	0.05909951227
630105	0.101168228
631579	0.1230942653
632337	0.07158413772
634269	0.1262400991
634566	0.02920637013
634843	0.05003405524
638915	0.03456577021
642102	0.09771078599
642796	0.07647115639
643023	0.03788402996
644432	0.09469281144
644613	4.62893759e-06
645037	0.04735624078
645224	0.0925065503
645816	0.06228649017
647172	0.003237929372
647269	4.667318511e-06
647296	0.1332213024
647765	0.09091653363
648401	0.1028104782
649014	0.09973560511
649138	0.04765709689
649248	0.1334165094
649811	0.09258309232
650572	0.03011553709
651794	0.1085052016
654695	0.05606060742
656468	0.03403493494
656696	0.002511664104
656765	0.1232900671
657651	0.03426463259
659779	0.06999476458
660181	0.01323394143
660411	0.02957998059
662561	0.05621148107
663111	0.05888077512
664558	0.02565443637
665140	0.02998942315
665213	0.0996583011
666112	0.03432275744
666186	0.1296779165
666966	0.06992074319
667398	0.04882905327
667876	0.06289383119
668891	0.1112098017
669027	0.1030990161
669083	0.1340390607
669524	0.05667455048
671989	0.1297896037
672032	0.1311689077
672245	0.1169810032
672690	0.06203739725
673830	0.1154816374
673844	0.08989468652
674297	0.1034801564
675798	0.06572411456
676477	0.09505523276
678919	0.1186696444
678977	1.023928719e-06
680266	0.06484149838
683295	0.008890574848
683943	0.1083016741
684986	0.01709933628
685188	0.01993078151
685733	0.1130404262
688492	0.01726134864
688644	0.1351125694
688991	0.04954777181
690634	0.1172976238
692044	0.03537944022
692794	0.09092582165
693570	0.04660599918
693921	0.07328346233
695684	0.05948704654
696633	2.865459536e-06
700014	0.0853694384
700182	0.0499248948
700623	0.09834671995
701521	0.03687028994
702088	0.08963088294
703686	0.02695260044
704030	0.01946831359
704127	0.1335758742
706256	0.1079957347
706379	0.1279974521
707120	0.09675709432
707630	0.0959513635
711660	0.1103243703
711991	0.002765390182
712182	0.1065324889
714863	0.1142861872
715815	0.1068285181
716490	0.1150415329
716637	0.001279645327
717535	0.03612224905
719463	0.03439275773
719922	0.00467323109
722402	0.1116552857
722878	0.08645871696
725074	5.854986668e-06
726223	0.09472223737
727066	0.06215627517
727121	0.06004182004
728530	0.1134595165
728817	0.1175895351
730944	0.0001497608407
733016	0.09495335587
733515	0.08251887627
734083	0.03168293831
735105	0.1150822767
736742	0.03951062157
738208	0.08373339348
738836	0.1106831852
739128	0.1170011966
741314	0.05735854071
741561	0.1022477735
742342	0.05650678921
743680	0.1142906425
744234	0.01582578112
744267	0.1022702768
745644	0.1005092149
746898	1.511912592e-06
749581	0.08482269434
752819	0.05014126116
753130	0.0008713080986
754113	0.1052159903
756673	0.02630219266
756993	0.04375915354
758621	0.04695072766
759425	5.341099113e-06
760474	0.03238109946
760801	0.1230362786
762169	0.03386646967
762286	0.1364874494
762388	0.06351359433
764952	0.05422543417
765369	0.1068190743
766229	0.04835793517
768863	0.09728316802
769291	0.1091943871
769316	0.04234209
769844	0.1094510031
770768	0.03765996218
771044	0.002725862018
771327	0.1064220416
772005	0.01798536508
773768	0.01298058596
774485	0.07325807413
774988	0.130825526
776868	0.07526485547
777498	0.01467601953
778279	0.1137801141
779498	0.07326322084
779921	0.03441501253
783640	0.05871920592
784201	0.1237591554
786509	0.06801458842
786674	0.09891754448
787215	0.003878606717
787426	0.005208148205
788201	1.018236689e-05
788324	0.005358156369
789300	0.1257469839
789472	0.0351609382
789564	0.07255764309
790582	0.1067021655
790638	0.1146483497
791334	0.00659009074
791454	0.1035514214
791866	0.09032407732
792383	0.03150764017
793088	0.02390683045
794334	0.04505900239
794535	0.03834694921
796386	0.0712066687
796700	0.1231060272
798952	0.07532684168
799423	0.1139851537
799577	0.09389783901
799579	0.1147444073
799681	0.0209654104
800103	0.06368223274
800163	0.02406011944
801576	0.08667464733
805308	0.003120466625
805905	0.0821374926
805958	0.06027026492
806190	0.01217083544
807156	0.02681347071
807304	0.1073066274
807484	0.09505005413
809952	0.09443299066
810216	0.103736288
811093	0.05451068477
811908	0.09737747501
812610	0.1035207823
813481	0.1299750047
815384	0.08405489983
815767	0.10268652
816983	0.1111615148
817051	0.1089203143
817448	0.1278366615
818611	0.03634379016
818805	0.03517558197
820099	0.01699220869
820811	0.09816412228
822489	0.01559167328
822790	0.106882264
823017	0.09575307741
823661	0.1123196752
824010	0.01477591157
824608	0.002126703309
824627	0.09723449797
825017	0.006188906835
825959	0.05113674432
826324	0.1213852505
827454	0.002262361995
827793	0.02059499186
827815	0.1298121322
827971	0.08241892601
829338	0.0155829981
829680	0.1029905561
830538	0.139045536
830561	0.09465937687
830597	0.1193245702
830957	0.1053240451
831095	0.004095857106
832689	0.03414505555
833482	0.08706303074
833497	0.05274535342
833894	0.05870435532
834226	0.003929934573
834732	0.122012491
834736	0.1216881547
834906	0.1064006686
835825	0.1148147581
837202	0.1064564329
838192	0.084679111
838270	0.1288273196
838383	0.1250734953
839238	0.1377721052
839456	0.1079201883
840126	0.107364405
842533	0.1217926055
843225	0.09913579904
843919	0.0201211415
844688	0.1238277343
845166	0.04005562104
845284	0.0823237193
845706	0.07499444802
848718	0.1192425139
850773	0.02895011181
851769	0.0563816939
854536	0.02604023997
855000	6.586481411e-06
856278	0.1383764129
856445	1.164853503e-06
857689	0.1029803022
858383	0.1283049864
858640	2.128943385e-06
858969	0.03192375508
859223	0.1294260539
859962	0.0721510825
861384	0.08043637014
862650	0.06741070394
862656	1.143807085e-06
862795	0.01159005079
863038	0.05560728568
863366	0.0003004028619
866657	0.07813002939
866764	0.1300741542
866862	0.1318751182
870563	0.1214280602
871176	0.0984384153
872201	0.08169913225
873782	0.1355381576
874660	0.1196191932