node_id	error
1335	0.006230092257
2497	0.001313768896
2734	0.004839868978
5778	0.004712522908
6944	0.005317538355
7748	0.004731536623
10200	0.004801450192
10333	0.00614384359
10408	0.002681745639
10664	0.007247975879
11071	0.004221238691
11097	0.005068579885
13214	0.00107003269
14928	0.003887941528
16803	0.004155475746
16823	0.003698580355
16988	0.004701501165
17488	0.00613292781
17973	0.005694187153
19234	0.004282535468
19736	0.004062855677
21040	0.0007625780562
21680	0.006273853583
22861	0.004488053354
22864	0.005106580834
23429	0.005195360676
23549	0.006338904597
26400	0.004377586179
26443	0.004837260243
26935	0.005631284287
29573	0.006364463479
30074	0.004993664313
33140	0.005417271142
33915	0.003892190634
35845	0.006058961676
36658	0.004497434057
36702	0.004148381574
37445	0.0010015401
37628	0.006061993773
38749	0.009411458451
39235	0.007258145826
39629	0.006852307129
39735	0.007735639023
41327	0.004813921019
42846	0.002509169156
42951	0.004059577157
43063	0.007321586947
43742	0.005755958925
43941	1.859688284e-07
44110	0.006013910538
47325	0.00123881104
47757	0.002891330606
47992	0.004968746001
48734	0.00594662425
49787	0.008660796712
51778	0.005178256433
53265	0.002509040391
53334	0.004205968278
53840	0.005343096262
54234	0.003790966698
54910	0.002099154798
55840	0.00340584253
56385	0.005792736148
56457	0.005802666047
57835	0.005545747741
57849	0.004656440366
58142	0.007852001741
58943	0.004614718479
59591	0.004332466684
60264	0.005348041929
62604	0.007001516724
63350	0.00471726713
67396	0.005725722486
67449	0.004733498008
67970	0.00520922917
69067	0.003114112995
69277	0.004107998442
69476	0.00541040675
70710	0.001125463062
75156	0.01014278723
77176	0.008031440267
78591	0.005985063655
79573	0.001722168277
80744	0.008100831382
81218	0.004321977312
81373	0.00211968078
81955	0.003882190101
82011	0.003735094551
82894	0.01286340277
83790	0.003746712448
84530	0.005619338214
86250	0.001879002258
87868	0.004581661891
88536	0.009670717001
89334	0.00666112491
90378	0.002036570351
91471	0.0004788742645
92101	0.01221853083
93050	0.001285626424
93504	0.006290285659
93910	0.003334913567
94631	0.005105650759
95103	0.005715261803
97431	0.005906571774
97742	0.007604957738
98023	0.006726515279
99296	0.002855501645
99676	0.005799174131
100050	0.003102606867
101570	0.004956724801
102330	0.008804056604
104383	0.006442129427
104457	0.009190588014
106057	0.005584106914
106343	0.002485200649
106677	0.003993689941
107173	0.004574927196
107244	0.004957114474
108106	0.01420791782
109919	0.006371553547
111139	0.003790989527
112799	0.00605207919
112989	3.267817121e-07
114122	0.004304346551
114663	0.003141615996
114824	0.003907205397
115593	0.004928965225
115912	0.0036088565
116650	0.01606259185
116860	0.003611520335
117900	0.007048859085
119060	0.005524703192
120225	0.008756628778
121288	0.002426387323
121369	0.00455813104
121557	0.004884329083
122647	0.005527522672
122887	0.004888025277
123381	0.01037357965
123558	0.001760046425
124113	0.01433741476
124154	0.00487129976
124646	0.006872820016
124685	0.008665729494
126075	0.005665304043
126147	0.01018707977
126867	0.00266224334
127292	0.005775785277
127646	0.0008754321419
127718	0.004893137487
128126	0.005511329222
128170	0.004810202557
128930	0.006494597316
129966	0.005434899263
131114	0.003599719024
131675	0.005741830762
131733	0.004435909774
132380	0.003006414815
133529	0.005742412392
134180	0.008924983617
135085	0.003985594749
137511	0.009946913125
138039	0.003588457615
138521	0.003154935338
138844	0.005642722418
139566	0.001431733056
142385	0.00300496351
143521	0.01045080811
145597	0.00481062788
146508	0.004588946343
146905	0.00825004358
147129	0.007910070038
147325	0.005208298452
147754	0.0019187137
148175	0.005857871678
148672	0.002810691072
149626	0.003825335845
150551	0.004704032121
150736	0.00437212364
150791	0.0009639431229
151723	0.005508968365
151923	0.003956335066
152168	0.0128456306
153423	0.001119436043
154044	0.003348354535
155110	0.002950464345
155132	0.004117359682
155885	0.004473633442
156631	0.00359508634
157989	0.002394213891
158211	0.002923783156
159093	0.003569222833
159683	0.006121042787
160850	0.006067820603
160918	0.0009061051665
162821	0.003414475562
163715	0.004800552507
164685	0.004268745215
168053	0.003649639882
168816	0.009089677291
168830	0.006271157558
169003	0.005580620833
172276	0.004280292828
172733	0.003754574056
173005	0.004209138817
173074	0.001785954165
173231	0.007195531788
173317	0.007931872128
173602	0.007611490802
174388	0.004297850733
175052	0.01403860441
175917	0.01403064263
178534	0.003617424881
178588	0.006265453745
182204	0.002500614291
183644	0.005301941481
185388	0.003829502493
186287	0.004063305347
187520	0.006839384015
187684	0.005413931193
188127	0.003512248517
188316	0.007404103568
188843	0.00275990281
188856	0.004707917147
189545	0.003897420679
189694	0.008377939134
191453	0.004788163654
191925	0.004614371174
194839	0.0006259974655
195215	0.003867774901
195486	0.007693534555
196923	0.00329105908
197217	0.006509103431
197600	0.01792488061
197648	0.0009844314324
197816	0.0040253365
201374	0.003748671275
201987	0.004044655977
203078	0.006085223097
205258	0.001507282171
205553	0.004501000728
206971	0.009880180707
207008	0.004080000209
208097	0.005170303924
208181	0.001545141133
209899	0.003183736972
211681	0.012483154
211775	1.179208807e-07
212529	0.006398209896
212648	0.01195011743
213105	0.003441299093
213141	0.00781810548
215530	0.006559782958
215884	0.006265343603
216128	0.004362494181
216667	0.0002652766887
218640	0.00443348937
219079	0.007625071235
219729	0.00474282542
220874	0.008294288501
221836	0.0005207504945
223032	0.005832517989
223287	0.0008402134013
225215	0.004128949081
225221	0.008115735798
226063	0.001815666634
228673	0.001885722233
228933	0.00651803799
229027	0.003272812358
229116	0.001297071892
230325	0.000207052117
230547	0.003980138448
230824	0.007153473375
230990	0.004769510893
231102	0.002485464242
233304	0.006742341391
233378	0.005508160587
233529	0.01187568579
235482	1.199564563e-07
241235	0.01297551002
241565	0.001854515095
242009	0.0002432100731
243377	0.003213177917
249443	0.004814943747
249587	0.004134337063
251517	0.0113990532
251584	0.004181807984
251672	0.005943898343
252186	0.006556472377
253025	0.004793121923
254275	0.001191816109
254314	0.002578463567
254938	0.007288081369
255111	0.006376828896
255853	0.0007280622686
257086	0.005154124709
258759	0.007065454201
259742	0.003940444836
261405	0.006323464058
261833	0.005612581781
264001	0.01891068132
264293	0.005894825374
265144	0.004537000764
265585	0.002889174079
266948	0.002806655516
267062	0.004408220564
267672	0.004252370763
267808	0.005982812
268105	0.005173030663
268221	0.0050481468
269059	0.02041613981
270206	0.006089740214
270560	0.004839977494
271465	0.001125216483
271502	0.01020022422
271887	0.004724725985
274176	2.299602532e-07
275880	0.006008053269
276111	0.005636521711
276268	0.003383657491
276677	0.004188223892
277636	0.003319643734
279745	0.001849926316
279770	0.00779045913
279979	0.005599922202
282092	0.009258555099
282220	0.005130812273
282283	0.0007283914711
285101	0.003164581573
288187	0.00406814723
288475	7.118442121e-07
289796	0.008066673651
290401	0.004019196822
293057	0.007454172373
293529	0.002008855182
294348	0.004622507281
295572	0.005200736763
297198	0.001858419869
297221	0.003058692988
297830	0.003449095217
298108	0.004511113491
298260	0.00571108896
298944	0.004731932154
299374	0.004800295338
302693	0.02534256117
303640	5.090756909e-05
304315	0.003722188345
306153	0.006672717429
306624	0.001485128699
306853	0.00707335581
308443	0.002111590285
309696	0.003020550624
309942	0.001681888756
311309	0.002629091815
311766	0.008081823272
312068	0.002664384768
312412	0.00616491024
313558	0.00526767401
314407	0.00926943815
320440	0.005588026295
324915	0.005022299541
325071	6.622216795e-05
326413	0.003548044802
326695	0.003989617069
327686	0.008447229381
327766	0.002453162102
329495	0.004578301969
329944	0.01306633701
330750	0.004122125644
330809	0.003278439308
332080	0.004272168395
332873	0.007568727054
333953	0.002949120224
334008	0.0003699260257
334847	0.004085296952
335221	0.003521877067
335484	0.002099251939
336226	0.001096634987
336833	0.003132498381
337814	0.01291892946
338102	0.003097498384
338878	0.005708850697
341437	0.006123168516
341833	0.008261558893
345145	0.002955161202
345304	0.004307068633
345778	0.002513009635
346654	0.003381691875
347957	0.009156183775
348695	0.002776365386
349303	0.0002865826904
350134	0.005190341656
351100	0.01088741321
351666	0.003727596764
353383	0.004098384634
354847	0.004109469597
355622	0.005167835885
357111	0.003765697384
359561	0.005447416988
359611	0.006273169417
361544	0.001563965328
362447	0.01272444334
362603	0.00452750729
363333	0.005133284949
364871	0.00407311934
364916	0.009742975812
365685	0.002046823613
369313	0.005008514438
369365	0.003166977263
370129	0.004989317256
370757	0.01568259297
372918	0.005703631132
373240	0.005562322591
373927	0.007365201394
374522	0.01006231203
375934	0.003611500642
376128	0.003191847365
376535	0.004780406391
377896	0.004236896415
379836	7.993495556e-08
380353	0.003661723076
383285	0.004956232085
384220	0.002866480851
384637	0.001875260888
385734	0.001935067317
385990	0.006209549449
388165	0.004676004967
388868	0.02404049467
390414	0.003161562641
391006	0.0147174275
391526	0.005659910303
392508	0.003068052492
392921	0.005980444824
393031	0.01084322433
393215	0.003161429508
394464	0.004308860715
394602	0.003969424982
395004	0.006515800494
395032	0.01142267261
395118	0.004123271507
395461	0.007358550305
395573	0.007732396313
397299	0.006183824427
397659	0.003064859789
397772	0.002440383745
398122	0.006765309933
399118	0.007504917932
399593	0.006001861081
400847	0.006778210787
401166	0.004321530562
401259	0.02440338748
402021	0.001070431374
402047	0.006655048521
402539	0.002081047032
404605	0.0004831640156
405500	0.02849935061
406988	0.005014659081
410041	0.0005346344334
410625	0.002946977965
411207	0.01396138126
411403	0.009174390382
411833	0.002557225207
411884	0.008908720948
412748	0.004240423481
413050	0.01208268159
413685	0.004455766754
415654	0.00150773185
416054	0.006903329192
416113	0.02068645632
416674	0.002307985374
417274	0.004034433624
417596	0.006376784748
418017	0.007833909545
418046	0.004415408484
419240	0.004680306083
419812	0.007806433444
420321	0.003385759515
420451	0.002666522764
420708	0.005731704109
420771	0.004216534259
421431	0.003544072595
423633	0.01308088345
424169	0.002445891377
424675	0.002093668759
424717	0.01038627252
425075	0.006471561777
426352	0.0006947528186
426429	0.004507984706
427773	0.003913173973
428251	0.0059638574
430801	0.01133185995
430858	0.002979823121
431410	0.004814498693
432267	0.005417146035
432851	0.009989347799
433202	0.006519139019
433466	0.005670079652
434179	0.006800568333
434975	0.01452798992
437274	0.001245400543
437475	0.01019034194
437530	0.00310304395
437892	0.003282572382
440218	0.002448810587
441208	0.006661750695
441320	0.00682050051
441895	0.003678635547
443183	0.007632645417
444655	0.004927524243
445288	0.005487358896
446579	0.002868690143
446630	0.005465635002
446789	0.00547966098
446967	0.002878949797
447650	0.004388392315
448034	0.006726968374
448196	0.005410553628
448390	0.007759243676
450691	0.003089158889
450714	8.969314181e-08
450773	6.171431208e-05
451100	0.01505805279
451200	0.002808479447
451862	0.003476988347
452284	0.003035315427
452417	0.003986689592
453967	0.008061568183
454271	0.006595636854
454682	0.007541872282
456612	0.003133197784
456636	1.548223968e-06
456725	0.006649924991
457520	0.006113603937
457800	0.004040134838
458177	0.008002140057
458501	0.002207173521
458661	0.00236433321
461828	0.01878165176
462183	0.00307976044
462288	0.01142279733
462383	0.004466716822
462515	0.00678891866
463584	0.005378288613
464570	0.005593864523
464611	0.001225517338
464722	0.008516440519
465498	0.006381325697
466141	0.0123989933
466805	0.004374997107
467458	0.003743402972
467486	0.01218949033
469193	0.006175134444
470692	0.01102029495
472064	0.004555190325
472316	0.003191599223
472363	0.001510830014
473030	0.005925671355
479841	0.01901366181
480762	0.00308319251
482173	0.003101773859
482841	0.004205316559
484170	0.004404934412
484331	0.006580659844
484632	0.004655489805
484960	0.004232347549
485136	0.01717121004
485331	0.003738125005
486322	0.003014348046
487427	0.006859868521
487637	0.002211415547
488299	0.005604447371
489169	0.006906121517
489854	0.009511519289
492371	0.009166764996
494064	0.000241219331
495559	0.003050477944
495657	0.004105567443
495772	0.007066831193
497693	0.01015885653
499134	0.004110716533
503019	0.008983894254
503652	0.004381336422
503716	0.01294592942
503946	0.009967888032
504564	2.344960559e-07
505387	0.008923911741
505432	0.00104739554
505962	0.003622607375
506011	0.008028123846
508319	0.004297184337
508524	0.004000079236
509249	0.002101848588
510021	0.003600447954
510347	0.004457460264
510468	0.005695375742
510683	0.02023879284
510986	0.008028427192
512314	0.003487020518
516123	0.0002968747128
516852	0.008107325501
517442	0.005423423787
518471	0.0004542952158
518503	0.007238404227
518695	0.008948181578
521650	0.007473652292
522933	0.001806306883
523822	0.001560601675
527899	0.0154912796
528024	0.006545142348
528604	0.004659913437
530428	0.004421655127
530457	0.005323824294
532437	0.00503628452
532687	0.004918193373
533650	0.01048946409
534505	0.003212757347
534535	0.004434810103
535405	0.003440311417
538027	0.006870406657
538136	0.005577275167
538334	0.004425121518
538500	0.005721613568
539384	0.00960261544
541198	0.009800049251
542513	0.005275596716
545053	0.005852578934
545513	0.003766609589
546265	0.006113931287
549171	0.005343820978
550104	0.005890450136
550426	0.003674442262
551675	0.0008356329963
552652	0.00308922634
553170	0.00338262134
553397	0.007417555305
554635	0.006219404306
555491	0.005644603935
557244	0.004087814854
557342	0.01371525553
557620	0.007049425714
557901	0.003463957247
559011	0.005209865385
559805	0.008110890986
559931	0.002115344748
560000	0.01183227463
561603	0.004961838622
562568	0.004931998168
564301	7.683902232e-06
564560	0.007079082528
564982	0.002315250252
567002	0.005319567304
567292	0.005007250045
567312	0.006779453531
569178	0.003902189049
569504	0.006250075181
570029	0.01007580754
570730	0.006243468441
571183	0.004642650634
571752	0.01226051879
571802	0.01086001704
572188	0.01150663492
572670	0.003877547409
575048	0.004101936529
575065	0.004216379682
576505	0.003396186361
577432	0.004475580208
578918	0.00574402326
579611	0.0110235233
581664	0.001533255944
583335	0.00252223082
583955	0.002819996654
585250	0.01225470605
586001	0.005118477637
586050	0.01060478476
586330	0.0005774428516
587587	0.002253938518
590820	0.01118949978
592086	0.00245532131
593487	0.003281908291
593798	0.003726744944
593804	0.004631527993
593990	0.003545839571
594585	0.005287991571
595406	0.005933179743
596673	0.008153349866
597185	0.005255295471
598274	0.002534325103
599436	0.003808786745
600545	0.003525580172
601136	0.005175462426
604956	0.008441853293
604960	0.0111130485
605428	0.003070166954
605705	0.002345397705
607598	0.004758783485
608282	0.003636579784
608365	0.004162749753
608376	0.005115969523
608769	0.00271284474
609041	1.800745353e-07
610083	0.00332143884
610505	0.01079401702
612763	0.00350181931
612835	0.009705909319
612880	0.004992747831
612948	0.006232545967
613484	0.00381911655
614470	0.01096749181
614695	0.01177978571
614783	0.005692386742
615150	0.007126870693
615560	0.00406159611
616055	0.006256628693
617473	0.003465645484
617534	0.007805015978
619113	0.0004864026936
619781	0.004226622722
621736	0.00472348509
622049	0.001187372982
622780	0.003522406126
624656	0.01073885913
625145	0.002590612337
628975	0.01681839449
630105	0.006515000516
631579	0.002436194497
632337	0.008077274972
634269	0.003841653789
634566	0.01165659686
634843	0.005625537637
638915	0.002628022282
642102	0.003388200211
642796	0.001581285479
643023	0.001621630114
644432	0.007492636545
644613	1.001382162e-06
645037	0.01204641096
645224	0.0007747013555
645816	0.01506684416
647172	0.0005174331722
647269	5.297087326e-07
647296	0.006796739554
647765	0.008521585261
648401	0.004153221784
649014	0.002205604108
649138	0.004573404492
649248	0.006681970752
649811	0.0004105560404
650572	0.007691193534
651794	0.005787481558
654695	0.007685514364
656468	0.005631561107
656696	0.001802899487
656765	0.007149963125
657651	0.008403265542
659779	0.001881645518
660181	0.0007395298727
660411	0.006221279357
662561	0.001605153798
663111	0.00796976533
664558	0.01398617981
665140	0.004750722491
665213	0.007828553995
666112	0.001360853451
666186	0.005119412287
666966	0.009233497315
667398	0.01232211378
667876	0.01102094741
668891	0.004678082205
669027	0.003944913561
669083	0.007312298383
669524	0.02612074706
671989	0.01052334854
672032	0.003936730673
672245	0.001414395411
672690	0.00230911374
673830	0.005529955218
673844	0.003483380674
674297	0.01848200878
675798	0.001859072043
676477	0.01089604955
678919	0.003627211728
678977	0.0003644143986
680266	0.01937505765
683295	0.01116643308
683943	0.002665161938
684986	0.008196239389
685188	0.009997376056
685733	0.006049791123
688492	0.01012496649
688644	0.005779390684
688991	0.0005964558613
690634	0.004863908085
692044	0.01045513007
692794	0.004260385721
693570	0.004262310864
693921	0.01718288515
695684	0.008264873542
696633	4.645680008e-08
700014	0.004147844373
700182	0.0002916038093
700623	0.006002102037
701521	0.007664584337
702088	0.003348941792
703686	0.001478948708
704030	0.01082001601
704127	0.004536927117
706256	0.001266709318
706379	0.01182812607
707120	0.003257548329
707630	0.003988872536
711660	0.004758053786
711991	0.001548533907
712182	0.004884819936
714863	0.006760897023
715815	0.003259415283
716490	0.003881243672
716637	0.002323401139
717535	0.008830540621
719463	0.002513749305
719922	0.004678598134
722402	0.004752950555
722878	0.009289948066
725074	1.594367343e-07
726223	0.007112054114
727066	0.02227864296
727121	0.02059481576
728530	0.000723798233
728817	0.005995105318
730944	0.0006415432825
733016	0.007849031775
733515	0.01665587727
734083	0.00791058788
735105	0.003545887672
736742	0.008727269828
738208	0.008992765944
738836	0.004968673107
739128	0.004822476392
741314	0.003929473008
741561	0.004230208415
742342	0.003043767542
743680	0.0017650056
744234	0.003682686557
744267	0.0031108789
745644	0.007624565982
746898	4.796097328e-08
749581	0.004147239122
752819	0.004028332444
753130	0.003865479689
754113	0.01072874137
756673	0.004124488264
756993	0.006878936499
758621	0.009656355364
759425	1.01628668e-06
760474	0.005538361233
760801	0.003581836506
762169	0.001635607015
762286	0.003968061267
762388	0.008456663633
764952	0.0028291168
765369	0.001576140593
766229	0.008693603602
768863	0.007034923697
769291	0.0001941315828
769316	0.01826573172
769844	0.005154396844
770768	0.001955335708
771044	0.001450279812
771327	0.001801407194
772005	0.0001423208537
773768	0.0007093764808
774485	0.0004190396064
774988	0.001281149095
776868	0.001522577349
777498	0.01206469823
778279	0.003650279005
779498	0.004310104018
779921	0.00656331712
783640	0.01220453531
784201	0.005316225358
786509	0.04199074791
786674	0.005617141167
787215	0.001723136032
787426	0.0008044203468
788201	4.540792511e-07
788324	0.009423738192
789300	0.00869220252
789472	0.0007400244456
789564	0.003679402248
790582	0.02266843395
790638	0.009085400553
791334	0.0001111157944
791454	0.003361391829
791866	0.002837675024
792383	0.008316077263
793088	0.0007296059459
794334	0.0005205112515
794535	0.0115062155
796386	0.004820397437
796700	0.007690710683
798952	0.01159346323
799423	0.003269686747
799577	0.006295676299
799579	0.003255908738
799681	0.004048267142
800103	0.003733263321
800163	0.005988312326
801576	0.00736352802
805308	0.00177826021
805905	0.01490754501
805958	0.002796454948
806190	0.01406130595
807156	0.001617850113
807304	0.01133108113
807484	0.001664763376
809952	0.01272424913
810216	0.008265060013
811093	0.01869418825
811908	0.0001585632622
812610	0.01631774579
813481	0.003721841047
815384	0.002529005279
815767	0.004165827515
816983	0.004579807265
817051	0.007863500543
817448	0.008194278826
818611	0.01241225886
818805	0.007910986479
820099	0.005998313173
820811	0.003929593266
822489	0.01101696707
822790	0.003962861388
823017	0.008161925334
823661	0.007825808221
824010	0.008222109308
824608	0.002865919106
824627	0.006244690618
825017	7.547660437e-05
825959	0.001721431453
826324	0.004776237847
827454	0.002876325696
827793	0.01291244374
827815	0.005473273812
827971	0.001405462149
829338	0.001619344532
829680	0.0006462126181
830538	0.005687454693
830561	0.005020560043
830597	0.001278171985
830957	0.004395771186
831095	0.007929822558
832689	0.004730192425
833482	0.005651063723
833497	0.01407663302
833894	0.002715591787
834226	0.0001223562968
834732	0.004436729304
834736	0.00873894978
834906	0.004547854192
835825	0.006345766985
837202	0.00517622821
838192	0.002785562657
838270	0.01088699363
838383	0.003910666055
839238	0.0056133029
839456	0.004211761844
840126	0.003780034134
842533	0.009045833867
843225	0.003049712508
843919	0.000738199926
844688	0.006488530455
845166	0.002229637094
845284	0.002585238158
845706	0.01020818845
848718	0.005331107178
850773	0.003579366135
851769	0.004818076752
854536	0.004327973259
855000	1.820576663e-06
856278	0.006806484285
856445	1.18651751e-07
857689	0.0005767793735
858383	0.003056443133
858640	2.919384088e-07
858969	0.01863042564
859223	0.01365776855
859962	0.005048382244
861384	0.008686119594
862650	0.02174897621
862656	5.470430418e-07
862795	0.008125099967
863038	0.01242728382
863366	0.003563430041
866657	0.01156748854
866764	0.01048008171
866862	0.01164424863
870563	0.003806516195
871176	0.002729426453
872201	0.001538125555
873782	0.003125473406
874660	0.0008588479759